Материал;Цветность;"Формат изделия";Тираж;"Время исполнения";"Тип печати";"Цена (руб)"
"тонкая бумага (глянцевая, 130 г/м2)";"Цветная печать с двух сторон";"210 x 297 (A4)";250;Стандарт;офсет;4233.00
"тонкая бумага (глянцевая, 130 г/м2)";"Цветная печать с двух сторон";"210 x 297 (A4)";500;Стандарт;офсет;4703.00
"тонкая бумага (глянцевая, 130 г/м2)";"Цветная печать с двух сторон";"210 x 297 (A4)";1000;Стандарт;офсет;4979.00
"тонкая бумага (глянцевая, 130 г/м2)";"Цветная печать с двух сторон";"210 x 297 (A4)";2000;Стандарт;офсет;6576.00
"тонкая бумага (глянцевая, 130 г/м2)";"Цветная печать с двух сторон";"210 x 297 (A4)";3000;Стандарт;офсет;8128.00
"тонкая бумага (глянцевая, 130 г/м2)";"Цветная печать с двух сторон";"210 x 297 (A4)";4000;Стандарт;офсет;10140.00
"тонкая бумага (глянцевая, 130 г/м2)";"Цветная печать с двух сторон";"210 x 297 (A4)";5000;Стандарт;офсет;10731.00
"тонкая бумага (глянцевая, 130 г/м2)";"Цветная печать с двух сторон";"210 x 297 (A4)";6000;Стандарт;офсет;12422.00
"тонкая бумага (глянцевая, 130 г/м2)";"Цветная печать с двух сторон";"210 x 297 (A4)";8000;Стандарт;офсет;15801.00
"тонкая бумага (глянцевая, 130 г/м2)";"Цветная печать с двух сторон";"210 x 297 (A4)";10000;Стандарт;офсет;17905.00
"тонкая бумага (глянцевая, 130 г/м2)";"Цветная печать с двух сторон";"148 x 210 (A5)";250;Стандарт;офсет;2176.00
"тонкая бумага (глянцевая, 130 г/м2)";"Цветная печать с двух сторон";"148 x 210 (A5)";500;Стандарт;офсет;2418.00
"тонкая бумага (глянцевая, 130 г/м2)";"Цветная печать с двух сторон";"148 x 210 (A5)";1000;Стандарт;офсет;3037.00
"тонкая бумага (глянцевая, 130 г/м2)";"Цветная печать с двух сторон";"148 x 210 (A5)";2000;Стандарт;офсет;3957.00
"тонкая бумага (глянцевая, 130 г/м2)";"Цветная печать с двух сторон";"148 x 210 (A5)";3000;Стандарт;офсет;4842.00
"тонкая бумага (глянцевая, 130 г/м2)";"Цветная печать с двух сторон";"148 x 210 (A5)";4000;Стандарт;офсет;5634.00
"тонкая бумага (глянцевая, 130 г/м2)";"Цветная печать с двух сторон";"148 x 210 (A5)";5000;Стандарт;офсет;6424.00
"тонкая бумага (глянцевая, 130 г/м2)";"Цветная печать с двух сторон";"148 x 210 (A5)";6000;Стандарт;офсет;7347.00
"тонкая бумага (глянцевая, 130 г/м2)";"Цветная печать с двух сторон";"148 x 210 (A5)";8000;Стандарт;офсет;9101.00
"тонкая бумага (глянцевая, 130 г/м2)";"Цветная печать с двух сторон";"148 x 210 (A5)";10000;Стандарт;офсет;10201.00
"тонкая бумага (глянцевая, 130 г/м2)";"Цветная печать с двух сторон";"105 x 148 (A6)";250;Стандарт;офсет;1115.00
"тонкая бумага (глянцевая, 130 г/м2)";"Цветная печать с двух сторон";"105 x 148 (A6)";500;Стандарт;офсет;1239.00
"тонкая бумага (глянцевая, 130 г/м2)";"Цветная печать с двух сторон";"105 x 148 (A6)";1000;Стандарт;офсет;1756.00
"тонкая бумага (глянцевая, 130 г/м2)";"Цветная печать с двух сторон";"105 x 148 (A6)";2000;Стандарт;офсет;2373.00
"тонкая бумага (глянцевая, 130 г/м2)";"Цветная печать с двух сторон";"105 x 148 (A6)";3000;Стандарт;офсет;2990.00
"тонкая бумага (глянцевая, 130 г/м2)";"Цветная печать с двух сторон";"105 x 148 (A6)";4000;Стандарт;офсет;3083.00
"тонкая бумага (глянцевая, 130 г/м2)";"Цветная печать с двух сторон";"105 x 148 (A6)";5000;Стандарт;офсет;3539.00
"тонкая бумага (глянцевая, 130 г/м2)";"Цветная печать с двух сторон";"105 x 148 (A6)";6000;Стандарт;офсет;4069.00
"тонкая бумага (глянцевая, 130 г/м2)";"Цветная печать с двух сторон";"105 x 148 (A6)";8000;Стандарт;офсет;5129.00
"тонкая бумага (глянцевая, 130 г/м2)";"Цветная печать с двух сторон";"105 x 148 (A6)";10000;Стандарт;офсет;5778.00
"тонкая бумага (глянцевая, 130 г/м2)";"Цветная печать с двух сторон";"210 x 200";250;Стандарт;офсет;3141.00
"тонкая бумага (глянцевая, 130 г/м2)";"Цветная печать с двух сторон";"210 x 200";500;Стандарт;офсет;3490.00
"тонкая бумага (глянцевая, 130 г/м2)";"Цветная печать с двух сторон";"210 x 200";1000;Стандарт;офсет;3818.00
"тонкая бумага (глянцевая, 130 г/м2)";"Цветная печать с двух сторон";"210 x 200";2000;Стандарт;офсет;4936.00
"тонкая бумага (глянцевая, 130 г/м2)";"Цветная печать с двух сторон";"210 x 200";3000;Стандарт;офсет;5867.00
"тонкая бумага (глянцевая, 130 г/м2)";"Цветная печать с двух сторон";"210 x 200";4000;Стандарт;офсет;6843.00
"тонкая бумага (глянцевая, 130 г/м2)";"Цветная печать с двух сторон";"210 x 200";5000;Стандарт;офсет;7389.00
"тонкая бумага (глянцевая, 130 г/м2)";"Цветная печать с двух сторон";"210 x 200";6000;Стандарт;офсет;8623.00
"тонкая бумага (глянцевая, 130 г/м2)";"Цветная печать с двух сторон";"210 x 200";8000;Стандарт;офсет;11091.00
"тонкая бумага (глянцевая, 130 г/м2)";"Цветная печать с двух сторон";"210 x 200";10000;Стандарт;офсет;13560.00
"тонкая бумага (глянцевая, 130 г/м2)";"Цветная печать с двух сторон";"120 x 120";250;Стандарт;офсет;1964.00
"тонкая бумага (глянцевая, 130 г/м2)";"Цветная печать с двух сторон";"120 x 120";500;Стандарт;офсет;2182.00
"тонкая бумага (глянцевая, 130 г/м2)";"Цветная печать с двух сторон";"120 x 120";1000;Стандарт;офсет;2895.00
"тонкая бумага (глянцевая, 130 г/м2)";"Цветная печать с двух сторон";"120 x 120";2000;Стандарт;офсет;3724.00
"тонкая бумага (глянцевая, 130 г/м2)";"Цветная печать с двух сторон";"120 x 120";3000;Стандарт;офсет;4330.00
"тонкая бумага (глянцевая, 130 г/м2)";"Цветная печать с двух сторон";"120 x 120";4000;Стандарт;офсет;5120.00
"тонкая бумага (глянцевая, 130 г/м2)";"Цветная печать с двух сторон";"120 x 120";5000;Стандарт;офсет;5634.00
"тонкая бумага (глянцевая, 130 г/м2)";"Цветная печать с двух сторон";"120 x 120";6000;Стандарт;офсет;6434.00
"тонкая бумага (глянцевая, 130 г/м2)";"Цветная печать с двух сторон";"120 x 120";8000;Стандарт;офсет;7959.00
"тонкая бумага (глянцевая, 130 г/м2)";"Цветная печать с двух сторон";"120 x 120";10000;Стандарт;офсет;8909.00
"тонкая бумага (глянцевая, 130 г/м2)";"Цветная печать с двух сторон";"210 x 98";250;Стандарт;офсет;1367.00
"тонкая бумага (глянцевая, 130 г/м2)";"Цветная печать с двух сторон";"210 x 98";500;Стандарт;офсет;1519.00
"тонкая бумага (глянцевая, 130 г/м2)";"Цветная печать с двух сторон";"210 x 98";1000;Стандарт;офсет;1945.00
"тонкая бумага (глянцевая, 130 г/м2)";"Цветная печать с двух сторон";"210 x 98";2000;Стандарт;офсет;2516.00
"тонкая бумага (глянцевая, 130 г/м2)";"Цветная печать с двух сторон";"210 x 98";3000;Стандарт;офсет;3083.00
"тонкая бумага (глянцевая, 130 г/м2)";"Цветная печать с двух сторон";"210 x 98";4000;Стандарт;офсет;3258.00
"тонкая бумага (глянцевая, 130 г/м2)";"Цветная печать с двух сторон";"210 x 98";5000;Стандарт;офсет;3957.00
"тонкая бумага (глянцевая, 130 г/м2)";"Цветная печать с двух сторон";"210 x 98";6000;Стандарт;офсет;4618.00
"тонкая бумага (глянцевая, 130 г/м2)";"Цветная печать с двух сторон";"210 x 98";8000;Стандарт;офсет;5942.00
"тонкая бумага (глянцевая, 130 г/м2)";"Цветная печать с двух сторон";"210 x 98";10000;Стандарт;офсет;6780.00
"тонкая бумага (глянцевая, 130 г/м2)";"Цветная печать с двух сторон";"150 x 70";250;Стандарт;офсет;753.00
"тонкая бумага (глянцевая, 130 г/м2)";"Цветная печать с двух сторон";"150 x 70";500;Стандарт;офсет;837.00
"тонкая бумага (глянцевая, 130 г/м2)";"Цветная печать с двух сторон";"150 x 70";1000;Стандарт;офсет;991.00
"тонкая бумага (глянцевая, 130 г/м2)";"Цветная печать с двух сторон";"150 x 70";2000;Стандарт;офсет;1233.00
"тонкая бумага (глянцевая, 130 г/м2)";"Цветная печать с двух сторон";"150 x 70";3000;Стандарт;офсет;1466.00
"тонкая бумага (глянцевая, 130 г/м2)";"Цветная печать с двух сторон";"150 x 70";4000;Стандарт;офсет;1841.00
"тонкая бумага (глянцевая, 130 г/м2)";"Цветная печать с двух сторон";"150 x 70";5000;Стандарт;офсет;2099.00
"тонкая бумага (глянцевая, 130 г/м2)";"Цветная печать с двух сторон";"150 x 70";6000;Стандарт;офсет;2401.00
"тонкая бумага (глянцевая, 130 г/м2)";"Цветная печать с двух сторон";"150 x 70";8000;Стандарт;офсет;2973.00
"тонкая бумага (глянцевая, 130 г/м2)";"Цветная печать с двух сторон";"150 x 70";10000;Стандарт;офсет;3571.00
"тонкая бумага (глянцевая, 130 г/м2)";"Цветная печать с двух сторон";"100 x 70";250;Стандарт;офсет;491.00
"тонкая бумага (глянцевая, 130 г/м2)";"Цветная печать с двух сторон";"100 x 70";500;Стандарт;офсет;546.00
"тонкая бумага (глянцевая, 130 г/м2)";"Цветная печать с двух сторон";"100 x 70";1000;Стандарт;офсет;695.00
"тонкая бумага (глянцевая, 130 г/м2)";"Цветная печать с двух сторон";"100 x 70";2000;Стандарт;офсет;894.00
"тонкая бумага (глянцевая, 130 г/м2)";"Цветная печать с двух сторон";"100 x 70";3000;Стандарт;офсет;1092.00
"тонкая бумага (глянцевая, 130 г/м2)";"Цветная печать с двух сторон";"100 x 70";4000;Стандарт;офсет;1511.00
"тонкая бумага (глянцевая, 130 г/м2)";"Цветная печать с двух сторон";"100 x 70";5000;Стандарт;офсет;1734.00
"тонкая бумага (глянцевая, 130 г/м2)";"Цветная печать с двух сторон";"100 x 70";6000;Стандарт;офсет;1993.00
"тонкая бумага (глянцевая, 130 г/м2)";"Цветная печать с двух сторон";"100 x 70";8000;Стандарт;офсет;2514.00
"тонкая бумага (глянцевая, 130 г/м2)";"Цветная печать с двух сторон";"100 x 70";10000;Стандарт;офсет;3036.00
"тонкая бумага (глянцевая, 130 г/м2)";"Цветная печать с одной стороны";"210 x 297 (A4)";250;Стандарт;офсет;3822.00
"тонкая бумага (глянцевая, 130 г/м2)";"Цветная печать с одной стороны";"210 x 297 (A4)";500;Стандарт;офсет;4247.00
"тонкая бумага (глянцевая, 130 г/м2)";"Цветная печать с одной стороны";"210 x 297 (A4)";1000;Стандарт;офсет;4841.00
"тонкая бумага (глянцевая, 130 г/м2)";"Цветная печать с одной стороны";"210 x 297 (A4)";2000;Стандарт;офсет;5981.00
"тонкая бумага (глянцевая, 130 г/м2)";"Цветная печать с одной стороны";"210 x 297 (A4)";3000;Стандарт;офсет;7307.00
"тонкая бумага (глянцевая, 130 г/м2)";"Цветная печать с одной стороны";"210 x 297 (A4)";4000;Стандарт;офсет;9407.00
"тонкая бумага (глянцевая, 130 г/м2)";"Цветная печать с одной стороны";"210 x 297 (A4)";5000;Стандарт;офсет;9956.00
"тонкая бумага (глянцевая, 130 г/м2)";"Цветная печать с одной стороны";"210 x 297 (A4)";6000;Стандарт;офсет;11098.00
"тонкая бумага (глянцевая, 130 г/м2)";"Цветная печать с одной стороны";"210 x 297 (A4)";8000;Стандарт;офсет;13380.00
"тонкая бумага (глянцевая, 130 г/м2)";"Цветная печать с одной стороны";"210 x 297 (A4)";10000;Стандарт;офсет;14624.00
"тонкая бумага (глянцевая, 130 г/м2)";"Цветная печать с одной стороны";"148 x 210 (A5)";250;Стандарт;офсет;1964.00
"тонкая бумага (глянцевая, 130 г/м2)";"Цветная печать с одной стороны";"148 x 210 (A5)";500;Стандарт;офсет;2182.00
"тонкая бумага (глянцевая, 130 г/м2)";"Цветная печать с одной стороны";"148 x 210 (A5)";1000;Стандарт;офсет;2800.00
"тонкая бумага (глянцевая, 130 г/м2)";"Цветная печать с одной стороны";"148 x 210 (A5)";2000;Стандарт;офсет;3490.00
"тонкая бумага (глянцевая, 130 г/м2)";"Цветная печать с одной стороны";"148 x 210 (A5)";3000;Стандарт;офсет;4190.00
"тонкая бумага (глянцевая, 130 г/м2)";"Цветная печать с одной стороны";"148 x 210 (A5)";4000;Стандарт;офсет;4981.00
"тонкая бумага (глянцевая, 130 г/м2)";"Цветная печать с одной стороны";"148 x 210 (A5)";5000;Стандарт;офсет;5541.00
"тонкая бумага (глянцевая, 130 г/м2)";"Цветная печать с одной стороны";"148 x 210 (A5)";6000;Стандарт;офсет;6443.00
"тонкая бумага (глянцевая, 130 г/м2)";"Цветная печать с одной стороны";"148 x 210 (A5)";8000;Стандарт;офсет;8170.00
"тонкая бумага (глянцевая, 130 г/м2)";"Цветная печать с одной стороны";"148 x 210 (A5)";10000;Стандарт;офсет;9299.00
"тонкая бумага (глянцевая, 130 г/м2)";"Цветная печать с одной стороны";"105 x 148 (A6)";250;Стандарт;офсет;1039.00
"тонкая бумага (глянцевая, 130 г/м2)";"Цветная печать с одной стороны";"105 x 148 (A6)";500;Стандарт;офсет;1154.00
"тонкая бумага (глянцевая, 130 г/м2)";"Цветная печать с одной стороны";"105 x 148 (A6)";1000;Стандарт;офсет;1284.00
"тонкая бумага (глянцевая, 130 г/м2)";"Цветная печать с одной стороны";"105 x 148 (A6)";2000;Стандарт;офсет;1896.00
"тонкая бумага (глянцевая, 130 г/м2)";"Цветная печать с одной стороны";"105 x 148 (A6)";3000;Стандарт;офсет;2516.00
"тонкая бумага (глянцевая, 130 г/м2)";"Цветная печать с одной стороны";"105 x 148 (A6)";4000;Стандарт;офсет;2895.00
"тонкая бумага (глянцевая, 130 г/м2)";"Цветная печать с одной стороны";"105 x 148 (A6)";5000;Стандарт;офсет;3118.00
"тонкая бумага (глянцевая, 130 г/м2)";"Цветная печать с одной стороны";"105 x 148 (A6)";6000;Стандарт;офсет;3604.00
"тонкая бумага (глянцевая, 130 г/м2)";"Цветная печать с одной стороны";"105 x 148 (A6)";8000;Стандарт;офсет;4573.00
"тонкая бумага (глянцевая, 130 г/м2)";"Цветная печать с одной стороны";"105 x 148 (A6)";10000;Стандарт;офсет;5171.00
"тонкая бумага (глянцевая, 130 г/м2)";"Цветная печать с одной стороны";"210 x 200";250;Стандарт;офсет;2932.00
"тонкая бумага (глянцевая, 130 г/м2)";"Цветная печать с одной стороны";"210 x 200";500;Стандарт;офсет;3258.00
"тонкая бумага (глянцевая, 130 г/м2)";"Цветная печать с одной стороны";"210 x 200";1000;Стандарт;офсет;3631.00
"тонкая бумага (глянцевая, 130 г/м2)";"Цветная печать с одной стороны";"210 x 200";2000;Стандарт;офсет;4701.00
"тонкая бумага (глянцевая, 130 г/м2)";"Цветная печать с одной стороны";"210 x 200";3000;Стандарт;офсет;5588.00
"тонкая бумага (глянцевая, 130 г/м2)";"Цветная печать с одной стороны";"210 x 200";4000;Стандарт;офсет;6703.00
"тонкая бумага (глянцевая, 130 г/м2)";"Цветная печать с одной стороны";"210 x 200";5000;Стандарт;офсет;6953.00
"тонкая бумага (глянцевая, 130 г/м2)";"Цветная печать с одной стороны";"210 x 200";6000;Стандарт;офсет;8049.00
"тонкая бумага (глянцевая, 130 г/м2)";"Цветная печать с одной стороны";"210 x 200";8000;Стандарт;офсет;10394.00
"тонкая бумага (глянцевая, 130 г/м2)";"Цветная печать с одной стороны";"210 x 200";10000;Стандарт;офсет;12429.00
"тонкая бумага (глянцевая, 130 г/м2)";"Цветная печать с одной стороны";"120 x 120";250;Стандарт;офсет;1836.00
"тонкая бумага (глянцевая, 130 г/м2)";"Цветная печать с одной стороны";"120 x 120";500;Стандарт;офсет;2040.00
"тонкая бумага (глянцевая, 130 г/м2)";"Цветная печать с одной стороны";"120 x 120";1000;Стандарт;офсет;2657.00
"тонкая бумага (глянцевая, 130 г/м2)";"Цветная печать с одной стороны";"120 x 120";2000;Стандарт;офсет;3306.00
"тонкая бумага (глянцевая, 130 г/м2)";"Цветная печать с одной стороны";"120 x 120";3000;Стандарт;офсет;3863.00
"тонкая бумага (глянцевая, 130 г/м2)";"Цветная печать с одной стороны";"120 x 120";4000;Стандарт;офсет;4608.00
"тонкая бумага (глянцевая, 130 г/м2)";"Цветная печать с одной стороны";"120 x 120";5000;Стандарт;офсет;5075.00
"тонкая бумага (глянцевая, 130 г/м2)";"Цветная печать с одной стороны";"120 x 120";6000;Стандарт;офсет;5727.00
"тонкая бумага (глянцевая, 130 г/м2)";"Цветная печать с одной стороны";"120 x 120";8000;Стандарт;офсет;7031.00
"тонкая бумага (глянцевая, 130 г/м2)";"Цветная печать с одной стороны";"120 x 120";10000;Стандарт;офсет;7706.00
"тонкая бумага (глянцевая, 130 г/м2)";"Цветная печать с одной стороны";"210 x 98";250;Стандарт;офсет;1275.00
"тонкая бумага (глянцевая, 130 г/м2)";"Цветная печать с одной стороны";"210 x 98";500;Стандарт;офсет;1417.00
"тонкая бумага (глянцевая, 130 г/м2)";"Цветная печать с одной стороны";"210 x 98";1000;Стандарт;офсет;1804.00
"тонкая бумага (глянцевая, 130 г/м2)";"Цветная печать с одной стороны";"210 x 98";2000;Стандарт;офсет;2278.00
"тонкая бумага (глянцевая, 130 г/м2)";"Цветная печать с одной стороны";"210 x 98";3000;Стандарт;офсет;2847.00
"тонкая бумага (глянцевая, 130 г/м2)";"Цветная печать с одной стороны";"210 x 98";4000;Стандарт;офсет;3118.00
"тонкая бумага (глянцевая, 130 г/м2)";"Цветная печать с одной стороны";"210 x 98";5000;Стандарт;офсет;3724.00
"тонкая бумага (глянцевая, 130 г/м2)";"Цветная печать с одной стороны";"210 x 98";6000;Стандарт;офсет;4311.00
"тонкая бумага (глянцевая, 130 г/м2)";"Цветная печать с одной стороны";"210 x 98";8000;Стандарт;офсет;5487.00
"тонкая бумага (глянцевая, 130 г/м2)";"Цветная печать с одной стороны";"210 x 98";10000;Стандарт;офсет;6214.00
"тонкая бумага (глянцевая, 130 г/м2)";"Цветная печать с одной стороны";"150 x 70";250;Стандарт;офсет;721.00
"тонкая бумага (глянцевая, 130 г/м2)";"Цветная печать с одной стороны";"150 x 70";500;Стандарт;офсет;801.00
"тонкая бумага (глянцевая, 130 г/м2)";"Цветная печать с одной стороны";"150 x 70";1000;Стандарт;офсет;944.00
"тонкая бумага (глянцевая, 130 г/м2)";"Цветная печать с одной стороны";"150 x 70";2000;Стандарт;офсет;1142.00
"тонкая бумага (глянцевая, 130 г/м2)";"Цветная печать с одной стороны";"150 x 70";3000;Стандарт;офсет;1281.00
"тонкая бумага (глянцевая, 130 г/м2)";"Цветная печать с одной стороны";"150 x 70";4000;Стандарт;офсет;1629.00
"тонкая бумага (глянцевая, 130 г/м2)";"Цветная печать с одной стороны";"150 x 70";5000;Стандарт;офсет;1811.00
"тонкая бумага (глянцевая, 130 г/м2)";"Цветная печать с одной стороны";"150 x 70";6000;Стандарт;офсет;2104.00
"тонкая бумага (глянцевая, 130 г/м2)";"Цветная печать с одной стороны";"150 x 70";8000;Стандарт;офсет;2669.00
"тонкая бумага (глянцевая, 130 г/м2)";"Цветная печать с одной стороны";"150 x 70";10000;Стандарт;офсет;3254.00
"тонкая бумага (глянцевая, 130 г/м2)";"Цветная печать с одной стороны";"100 x 70";250;Стандарт;офсет;451.00
"тонкая бумага (глянцевая, 130 г/м2)";"Цветная печать с одной стороны";"100 x 70";500;Стандарт;офсет;501.00
"тонкая бумага (глянцевая, 130 г/м2)";"Цветная печать с одной стороны";"100 x 70";1000;Стандарт;офсет;653.00
"тонкая бумага (глянцевая, 130 г/м2)";"Цветная печать с одной стороны";"100 x 70";2000;Стандарт;офсет;854.00
"тонкая бумага (глянцевая, 130 г/м2)";"Цветная печать с одной стороны";"100 x 70";3000;Стандарт;офсет;1055.00
"тонкая бумага (глянцевая, 130 г/м2)";"Цветная печать с одной стороны";"100 x 70";4000;Стандарт;офсет;1419.00
"тонкая бумага (глянцевая, 130 г/м2)";"Цветная печать с одной стороны";"100 x 70";5000;Стандарт;офсет;1528.00
"тонкая бумага (глянцевая, 130 г/м2)";"Цветная печать с одной стороны";"100 x 70";6000;Стандарт;офсет;1766.00
"тонкая бумага (глянцевая, 130 г/м2)";"Цветная печать с одной стороны";"100 x 70";8000;Стандарт;офсет;2241.00
"тонкая бумага (глянцевая, 130 г/м2)";"Цветная печать с одной стороны";"100 x 70";10000;Стандарт;офсет;2715.00
"стандартная бумага (глянцевая, 170 г/м2)";"Цветная печать с двух сторон";"210 x 297 (A4)";500;Эконом;офсет;5035.00
"стандартная бумага (глянцевая, 170 г/м2)";"Цветная печать с двух сторон";"210 x 297 (A4)";1000;Эконом;офсет;5368.00
"стандартная бумага (глянцевая, 170 г/м2)";"Цветная печать с двух сторон";"210 x 297 (A4)";2000;Эконом;офсет;7145.00
"стандартная бумага (глянцевая, 170 г/м2)";"Цветная печать с двух сторон";"210 x 297 (A4)";3000;Эконом;офсет;8846.00
"стандартная бумага (глянцевая, 170 г/м2)";"Цветная печать с двух сторон";"210 x 297 (A4)";4000;Эконом;офсет;11058.00
"стандартная бумага (глянцевая, 170 г/м2)";"Цветная печать с двух сторон";"210 x 297 (A4)";5000;Эконом;офсет;11941.00
"стандартная бумага (глянцевая, 170 г/м2)";"Цветная печать с двух сторон";"210 x 297 (A4)";6000;Эконом;офсет;13910.00
"стандартная бумага (глянцевая, 170 г/м2)";"Цветная печать с двух сторон";"210 x 297 (A4)";8000;Эконом;офсет;17533.00
"стандартная бумага (глянцевая, 170 г/м2)";"Цветная печать с двух сторон";"210 x 297 (A4)";10000;Эконом;офсет;20888.00
"стандартная бумага (глянцевая, 170 г/м2)";"Цветная печать с двух сторон";"148 x 210 (A5)";500;Эконом;офсет;2660.00
"стандартная бумага (глянцевая, 170 г/м2)";"Цветная печать с двух сторон";"148 x 210 (A5)";1000;Эконом;офсет;3247.00
"стандартная бумага (глянцевая, 170 г/м2)";"Цветная печать с двух сторон";"148 x 210 (A5)";2000;Эконом;офсет;4405.00
"стандартная бумага (глянцевая, 170 г/м2)";"Цветная печать с двух сторон";"148 x 210 (A5)";3000;Эконом;офсет;5333.00
"стандартная бумага (глянцевая, 170 г/м2)";"Цветная печать с двух сторон";"148 x 210 (A5)";4000;Эконом;офсет;6261.00
"стандартная бумага (глянцевая, 170 г/м2)";"Цветная печать с двух сторон";"148 x 210 (A5)";5000;Эконом;офсет;7187.00
"стандартная бумага (глянцевая, 170 г/м2)";"Цветная печать с двух сторон";"148 x 210 (A5)";6000;Эконом;офсет;8108.00
"стандартная бумага (глянцевая, 170 г/м2)";"Цветная печать с двух сторон";"148 x 210 (A5)";8000;Эконом;офсет;10083.00
"стандартная бумага (глянцевая, 170 г/м2)";"Цветная печать с двух сторон";"148 x 210 (A5)";10000;Эконом;офсет;11847.00
"стандартная бумага (глянцевая, 170 г/м2)";"Цветная печать с двух сторон";"105 x 148 (A6)";500;Эконом;офсет;1349.00
"стандартная бумага (глянцевая, 170 г/м2)";"Цветная печать с двух сторон";"105 x 148 (A6)";1000;Эконом;офсет;1925.00
"стандартная бумага (глянцевая, 170 г/м2)";"Цветная печать с двух сторон";"105 x 148 (A6)";2000;Эконом;офсет;2648.00
"стандартная бумага (глянцевая, 170 г/м2)";"Цветная печать с двух сторон";"105 x 148 (A6)";3000;Эконом;офсет;3247.00
"стандартная бумага (глянцевая, 170 г/м2)";"Цветная печать с двух сторон";"105 x 148 (A6)";4000;Эконом;офсет;3477.00
"стандартная бумага (глянцевая, 170 г/м2)";"Цветная печать с двух сторон";"105 x 148 (A6)";5000;Эконом;офсет;3942.00
"стандартная бумага (глянцевая, 170 г/м2)";"Цветная печать с двух сторон";"105 x 148 (A6)";6000;Эконом;офсет;4545.00
"стандартная бумага (глянцевая, 170 г/м2)";"Цветная печать с двух сторон";"105 x 148 (A6)";8000;Эконом;офсет;5751.00
"стандартная бумага (глянцевая, 170 г/м2)";"Цветная печать с двух сторон";"105 x 148 (A6)";10000;Эконом;офсет;6835.00
"стандартная бумага (глянцевая, 170 г/м2)";"Цветная печать с двух сторон";"210 x 200";500;Эконом;офсет;3430.00
"стандартная бумага (глянцевая, 170 г/м2)";"Цветная печать с двух сторон";"210 x 200";1000;Эконом;офсет;4173.00
"стандартная бумага (глянцевая, 170 г/м2)";"Цветная печать с двух сторон";"210 x 200";2000;Эконом;офсет;5675.00
"стандартная бумага (глянцевая, 170 г/м2)";"Цветная печать с двух сторон";"210 x 200";3000;Эконом;офсет;6834.00
"стандартная бумага (глянцевая, 170 г/м2)";"Цветная печать с двух сторон";"210 x 200";4000;Эконом;офсет;7744.00
"стандартная бумага (глянцевая, 170 г/м2)";"Цветная печать с двух сторон";"210 x 200";5000;Эконом;офсет;8657.00
"стандартная бумага (глянцевая, 170 г/м2)";"Цветная печать с двух сторон";"210 x 200";6000;Эконом;офсет;10116.00
"стандартная бумага (глянцевая, 170 г/м2)";"Цветная печать с двух сторон";"210 x 200";8000;Эконом;офсет;13033.00
"стандартная бумага (глянцевая, 170 г/м2)";"Цветная печать с двух сторон";"210 x 200";10000;Эконом;офсет;15796.00
"стандартная бумага (глянцевая, 170 г/м2)";"Цветная печать с двух сторон";"120 x 120";500;Эконом;офсет;2328.00
"стандартная бумага (глянцевая, 170 г/м2)";"Цветная печать с двух сторон";"120 x 120";1000;Эконом;офсет;3022.00
"стандартная бумага (глянцевая, 170 г/м2)";"Цветная печать с двух сторон";"120 x 120";2000;Эконом;офсет;3942.00
"стандартная бумага (глянцевая, 170 г/м2)";"Цветная печать с двух сторон";"120 x 120";3000;Эконом;офсет;4638.00
"стандартная бумага (глянцевая, 170 г/м2)";"Цветная печать с двух сторон";"120 x 120";4000;Эконом;офсет;5565.00
"стандартная бумага (глянцевая, 170 г/м2)";"Цветная печать с двух сторон";"120 x 120";5000;Эконом;офсет;6401.00
"стандартная бумага (глянцевая, 170 г/м2)";"Цветная печать с двух сторон";"120 x 120";6000;Эконом;офсет;7283.00
"стандартная бумага (глянцевая, 170 г/м2)";"Цветная печать с двух сторон";"120 x 120";8000;Эконом;офсет;8965.00
"стандартная бумага (глянцевая, 170 г/м2)";"Цветная печать с двух сторон";"120 x 120";10000;Эконом;офсет;10530.00
"стандартная бумага (глянцевая, 170 г/м2)";"Цветная печать с двух сторон";"210 x 98";500;Эконом;офсет;1727.00
"стандартная бумага (глянцевая, 170 г/м2)";"Цветная печать с двух сторон";"210 x 98";1000;Эконом;офсет;2166.00
"стандартная бумага (глянцевая, 170 г/м2)";"Цветная печать с двух сторон";"210 x 98";2000;Эконом;офсет;2890.00
"стандартная бумага (глянцевая, 170 г/м2)";"Цветная печать с двух сторон";"210 x 98";3000;Эконом;офсет;3477.00
"стандартная бумага (глянцевая, 170 г/м2)";"Цветная печать с двух сторон";"210 x 98";4000;Эконом;офсет;3942.00
"стандартная бумага (глянцевая, 170 г/м2)";"Цветная печать с двух сторон";"210 x 98";5000;Эконом;офсет;4405.00
"стандартная бумага (глянцевая, 170 г/м2)";"Цветная печать с двух сторон";"210 x 98";6000;Эконом;офсет;5147.00
"стандартная бумага (глянцевая, 170 г/м2)";"Цветная печать с двух сторон";"210 x 98";8000;Эконом;офсет;6631.00
"стандартная бумага (глянцевая, 170 г/м2)";"Цветная печать с двух сторон";"210 x 98";10000;Эконом;офсет;7899.00
"стандартная бумага (глянцевая, 170 г/м2)";"Цветная печать с двух сторон";"150 x 70";500;Эконом;офсет;890.00
"стандартная бумага (глянцевая, 170 г/м2)";"Цветная печать с двух сторон";"150 x 70";1000;Эконом;офсет;1041.00
"стандартная бумага (глянцевая, 170 г/м2)";"Цветная печать с двух сторон";"150 x 70";2000;Эконом;офсет;1421.00
"стандартная бумага (глянцевая, 170 г/м2)";"Цветная печать с двух сторон";"150 x 70";3000;Эконом;офсет;1703.00
"стандартная бумага (глянцевая, 170 г/м2)";"Цветная печать с двух сторон";"150 x 70";4000;Эконом;офсет;1891.00
"стандартная бумага (глянцевая, 170 г/м2)";"Цветная печать с двух сторон";"150 x 70";5000;Эконом;офсет;2365.00
"стандартная бумага (глянцевая, 170 г/м2)";"Цветная печать с двух сторон";"150 x 70";6000;Эконом;офсет;2729.00
"стандартная бумага (глянцевая, 170 г/м2)";"Цветная печать с двух сторон";"150 x 70";8000;Эконом;офсет;3390.00
"стандартная бумага (глянцевая, 170 г/м2)";"Цветная печать с двух сторон";"150 x 70";10000;Эконом;офсет;4100.00
"стандартная бумага (глянцевая, 170 г/м2)";"Цветная печать с двух сторон";"100 x 70";500;Эконом;офсет;617.00
"стандартная бумага (глянцевая, 170 г/м2)";"Цветная печать с двух сторон";"100 x 70";1000;Эконом;офсет;757.00
"стандартная бумага (глянцевая, 170 г/м2)";"Цветная печать с двух сторон";"100 x 70";2000;Эконом;офсет;1058.00
"стандартная бумага (глянцевая, 170 г/м2)";"Цветная печать с двух сторон";"100 x 70";3000;Эконом;офсет;1252.00
"стандартная бумага (глянцевая, 170 г/м2)";"Цветная печать с двух сторон";"100 x 70";4000;Эконом;офсет;1349.00
"стандартная бумага (глянцевая, 170 г/м2)";"Цветная печать с двух сторон";"100 x 70";5000;Эконом;офсет;1685.00
"стандартная бумага (глянцевая, 170 г/м2)";"Цветная печать с двух сторон";"100 x 70";6000;Эконом;офсет;2003.00
"стандартная бумага (глянцевая, 170 г/м2)";"Цветная печать с двух сторон";"100 x 70";8000;Эконом;офсет;2637.00
"стандартная бумага (глянцевая, 170 г/м2)";"Цветная печать с двух сторон";"100 x 70";10000;Эконом;офсет;3156.00
"стандартная бумага (глянцевая, 170 г/м2)";"Цветная печать с одной стороны";"210 x 297 (A4)";500;Эконом;офсет;4587.00
"стандартная бумага (глянцевая, 170 г/м2)";"Цветная печать с одной стороны";"210 x 297 (A4)";1000;Эконом;офсет;5141.00
"стандартная бумага (глянцевая, 170 г/м2)";"Цветная печать с одной стороны";"210 x 297 (A4)";2000;Эконом;офсет;6596.00
"стандартная бумага (глянцевая, 170 г/м2)";"Цветная печать с одной стороны";"210 x 297 (A4)";3000;Эконом;офсет;7960.00
"стандартная бумага (глянцевая, 170 г/м2)";"Цветная печать с одной стороны";"210 x 297 (A4)";4000;Эконом;офсет;10393.00
"стандартная бумага (глянцевая, 170 г/м2)";"Цветная печать с одной стороны";"210 x 297 (A4)";5000;Эконом;офсет;11058.00
"стандартная бумага (глянцевая, 170 г/м2)";"Цветная печать с одной стороны";"210 x 297 (A4)";6000;Эконом;офсет;12403.00
"стандартная бумага (глянцевая, 170 г/м2)";"Цветная печать с одной стороны";"210 x 297 (A4)";8000;Эконом;офсет;15096.00
"стандартная бумага (глянцевая, 170 г/м2)";"Цветная печать с одной стороны";"210 x 297 (A4)";10000;Эконом;офсет;17478.00
"стандартная бумага (глянцевая, 170 г/м2)";"Цветная печать с одной стороны";"148 x 210 (A5)";500;Эконом;офсет;2425.00
"стандартная бумага (глянцевая, 170 г/м2)";"Цветная печать с одной стороны";"148 x 210 (A5)";1000;Эконом;офсет;3069.00
"стандартная бумага (глянцевая, 170 г/м2)";"Цветная печать с одной стороны";"148 x 210 (A5)";2000;Эконом;офсет;3942.00
"стандартная бумага (глянцевая, 170 г/м2)";"Цветная печать с одной стороны";"148 x 210 (A5)";3000;Эконом;офсет;4638.00
"стандартная бумага (глянцевая, 170 г/м2)";"Цветная печать с одной стороны";"148 x 210 (A5)";4000;Эконом;офсет;5565.00
"стандартная бумага (глянцевая, 170 г/м2)";"Цветная печать с одной стороны";"148 x 210 (A5)";5000;Эконом;офсет;6472.00
"стандартная бумага (глянцевая, 170 г/м2)";"Цветная печать с одной стороны";"148 x 210 (A5)";6000;Эконом;офсет;7262.00
"стандартная бумага (глянцевая, 170 г/м2)";"Цветная печать с одной стороны";"148 x 210 (A5)";8000;Эконом;офсет;9177.00
"стандартная бумага (глянцевая, 170 г/м2)";"Цветная печать с одной стороны";"148 x 210 (A5)";10000;Эконом;офсет;10970.00
"стандартная бумага (глянцевая, 170 г/м2)";"Цветная печать с одной стороны";"105 x 148 (A6)";500;Эконом;офсет;1240.00
"стандартная бумага (глянцевая, 170 г/м2)";"Цветная печать с одной стороны";"105 x 148 (A6)";1000;Эконом;офсет;1464.00
"стандартная бумага (глянцевая, 170 г/м2)";"Цветная печать с одной стороны";"105 x 148 (A6)";2000;Эконом;офсет;2164.00
"стандартная бумага (глянцевая, 170 г/м2)";"Цветная печать с одной стороны";"105 x 148 (A6)";3000;Эконом;офсет;2890.00
"стандартная бумага (глянцевая, 170 г/м2)";"Цветная печать с одной стороны";"105 x 148 (A6)";4000;Эконом;офсет;3247.00
"стандартная бумага (глянцевая, 170 г/м2)";"Цветная печать с одной стороны";"105 x 148 (A6)";5000;Эконом;офсет;3477.00
"стандартная бумага (глянцевая, 170 г/м2)";"Цветная печать с одной стороны";"105 x 148 (A6)";6000;Эконом;офсет;4128.00
"стандартная бумага (глянцевая, 170 г/м2)";"Цветная печать с одной стороны";"105 x 148 (A6)";8000;Эконом;офсет;5426.00
"стандартная бумага (глянцевая, 170 г/м2)";"Цветная печать с одной стороны";"105 x 148 (A6)";10000;Эконом;офсет;6608.00
"стандартная бумага (глянцевая, 170 г/м2)";"Цветная печать с одной стороны";"210 x 200";500;Эконом;офсет;3143.00
"стандартная бумага (глянцевая, 170 г/м2)";"Цветная печать с одной стороны";"210 x 200";1000;Эконом;офсет;3942.00
"стандартная бумага (глянцевая, 170 г/м2)";"Цветная печать с одной стороны";"210 x 200";2000;Эконом;офсет;5333.00
"стандартная бумага (глянцевая, 170 г/м2)";"Цветная печать с одной стороны";"210 x 200";3000;Эконом;офсет;6493.00
"стандартная бумага (глянцевая, 170 г/м2)";"Цветная печать с одной стороны";"210 x 200";4000;Эконом;офсет;7809.00
"стандартная бумага (глянцевая, 170 г/м2)";"Цветная печать с одной стороны";"210 x 200";5000;Эконом;офсет;8203.00
"стандартная бумага (глянцевая, 170 г/м2)";"Цветная печать с одной стороны";"210 x 200";6000;Эконом;офсет;9663.00
"стандартная бумага (глянцевая, 170 г/м2)";"Цветная печать с одной стороны";"210 x 200";8000;Эконом;офсет;12585.00
"стандартная бумага (глянцевая, 170 г/м2)";"Цветная печать с одной стороны";"210 x 200";10000;Эконом;офсет;15360.00
"стандартная бумага (глянцевая, 170 г/м2)";"Цветная печать с одной стороны";"120 x 120";500;Эконом;офсет;2187.00
"стандартная бумага (глянцевая, 170 г/м2)";"Цветная печать с одной стороны";"120 x 120";1000;Эконом;офсет;2792.00
"стандартная бумага (глянцевая, 170 г/м2)";"Цветная печать с одной стороны";"120 x 120";2000;Эконом;офсет;3525.00
"стандартная бумага (глянцевая, 170 г/м2)";"Цветная печать с одной стороны";"120 x 120";3000;Эконом;офсет;4173.00
"стандартная бумага (глянцевая, 170 г/м2)";"Цветная печать с одной стороны";"120 x 120";4000;Эконом;офсет;5009.00
"стандартная бумага (глянцевая, 170 г/м2)";"Цветная печать с одной стороны";"120 x 120";5000;Эконом;офсет;5565.00
"стандартная бумага (глянцевая, 170 г/м2)";"Цветная печать с одной стороны";"120 x 120";6000;Эконом;офсет;6481.00
"стандартная бумага (глянцевая, 170 г/м2)";"Цветная печать с одной стороны";"120 x 120";8000;Эконом;офсет;8234.00
"стандартная бумага (глянцевая, 170 г/м2)";"Цветная печать с одной стороны";"120 x 120";10000;Эконом;офсет;9874.00
"стандартная бумага (глянцевая, 170 г/м2)";"Цветная печать с одной стороны";"210 x 98";500;Эконом;офсет;1583.00
"стандартная бумага (глянцевая, 170 г/м2)";"Цветная печать с одной стороны";"210 x 98";1000;Эконом;офсет;2024.00
"стандартная бумага (глянцевая, 170 г/м2)";"Цветная печать с одной стороны";"210 x 98";2000;Эконом;офсет;2648.00
"стандартная бумага (глянцевая, 170 г/м2)";"Цветная печать с одной стороны";"210 x 98";3000;Эконом;офсет;3247.00
"стандартная бумага (глянцевая, 170 г/м2)";"Цветная печать с одной стороны";"210 x 98";4000;Эконом;офсет;3711.00
"стандартная бумага (глянцевая, 170 г/м2)";"Цветная печать с одной стороны";"210 x 98";5000;Эконом;офсет;4173.00
"стандартная бумага (глянцевая, 170 г/м2)";"Цветная печать с одной стороны";"210 x 98";6000;Эконом;офсет;4916.00
"стандартная бумага (глянцевая, 170 г/м2)";"Цветная печать с одной стороны";"210 x 98";8000;Эконом;офсет;6405.00
"стандартная бумага (глянцевая, 170 г/м2)";"Цветная печать с одной стороны";"210 x 98";10000;Эконом;офсет;7680.00
"стандартная бумага (глянцевая, 170 г/м2)";"Цветная печать с одной стороны";"150 x 70";500;Эконом;офсет;840.00
"стандартная бумага (глянцевая, 170 г/м2)";"Цветная печать с одной стороны";"150 x 70";1000;Эконом;офсет;1038.00
"стандартная бумага (глянцевая, 170 г/м2)";"Цветная печать с одной стороны";"150 x 70";2000;Эконом;офсет;1325.00
"стандартная бумага (глянцевая, 170 г/м2)";"Цветная печать с одной стороны";"150 x 70";3000;Эконом;офсет;1561.00
"стандартная бумага (глянцевая, 170 г/м2)";"Цветная печать с одной стороны";"150 x 70";4000;Эконом;офсет;1750.00
"стандартная бумага (глянцевая, 170 г/м2)";"Цветная печать с одной стороны";"150 x 70";5000;Эконом;офсет;2129.00
"стандартная бумага (глянцевая, 170 г/м2)";"Цветная печать с одной стороны";"150 x 70";6000;Эконом;офсет;2491.00
"стандартная бумага (глянцевая, 170 г/м2)";"Цветная печать с одной стороны";"150 x 70";8000;Эконом;офсет;3159.00
"стандартная бумага (глянцевая, 170 г/м2)";"Цветная печать с одной стороны";"150 x 70";10000;Эконом;офсет;3874.00
"стандартная бумага (глянцевая, 170 г/м2)";"Цветная печать с одной стороны";"100 x 70";500;Эконом;офсет;567.00
"стандартная бумага (глянцевая, 170 г/м2)";"Цветная печать с одной стороны";"100 x 70";1000;Эконом;офсет;705.00
"стандартная бумага (глянцевая, 170 г/м2)";"Цветная печать с одной стороны";"100 x 70";2000;Эконом;офсет;1009.00
"стандартная бумага (глянцевая, 170 г/м2)";"Цветная печать с одной стороны";"100 x 70";3000;Эконом;офсет;1203.00
"стандартная бумага (глянцевая, 170 г/м2)";"Цветная печать с одной стороны";"100 x 70";4000;Эконом;офсет;1252.00
"стандартная бумага (глянцевая, 170 г/м2)";"Цветная печать с одной стороны";"100 x 70";5000;Эконом;офсет;1588.00
"стандартная бумага (глянцевая, 170 г/м2)";"Цветная печать с одной стороны";"100 x 70";6000;Эконом;офсет;1878.00
"стандартная бумага (глянцевая, 170 г/м2)";"Цветная печать с одной стороны";"100 x 70";8000;Эконом;офсет;2454.00
"стандартная бумага (глянцевая, 170 г/м2)";"Цветная печать с одной стороны";"100 x 70";10000;Эконом;офсет;2925.00
"мелованный картон (300 г/м2)";"Цветная печать с двух сторон";"210 x 297 (A4)";250;Стандарт;офсет;8541.00
"мелованный картон (300 г/м2)";"Цветная печать с двух сторон";"210 x 297 (A4)";500;Стандарт;офсет;9490.00
"мелованный картон (300 г/м2)";"Цветная печать с двух сторон";"210 x 297 (A4)";1000;Стандарт;офсет;10771.00
"мелованный картон (300 г/м2)";"Цветная печать с двух сторон";"210 x 297 (A4)";2000;Стандарт;офсет;16466.00
"мелованный картон (300 г/м2)";"Цветная печать с двух сторон";"210 x 297 (A4)";3000;Стандарт;офсет;19964.00
"мелованный картон (300 г/м2)";"Цветная печать с двух сторон";"210 x 297 (A4)";4000;Стандарт;офсет;23821.00
"мелованный картон (300 г/м2)";"Цветная печать с двух сторон";"210 x 297 (A4)";5000;Стандарт;офсет;30550.00
"мелованный картон (300 г/м2)";"Цветная печать с двух сторон";"210 x 297 (A4)";6000;Стандарт;офсет;34975.00
"мелованный картон (300 г/м2)";"Цветная печать с двух сторон";"210 x 297 (A4)";8000;Стандарт;офсет;43824.00
"мелованный картон (300 г/м2)";"Цветная печать с двух сторон";"210 x 297 (A4)";10000;Стандарт;офсет;49171.00
"мелованный картон (300 г/м2)";"Цветная печать с двух сторон";"148 x 210 (A5)";250;Стандарт;офсет;4360.00
"мелованный картон (300 г/м2)";"Цветная печать с двух сторон";"148 x 210 (A5)";500;Стандарт;офсет;4844.00
"мелованный картон (300 г/м2)";"Цветная печать с двух сторон";"148 x 210 (A5)";1000;Стандарт;офсет;5490.00
"мелованный картон (300 г/м2)";"Цветная печать с двух сторон";"148 x 210 (A5)";2000;Стандарт;офсет;8313.00
"мелованный картон (300 г/м2)";"Цветная печать с двух сторон";"148 x 210 (A5)";3000;Стандарт;офсет;10077.00
"мелованный картон (300 г/м2)";"Цветная печать с двух сторон";"148 x 210 (A5)";4000;Стандарт;офсет;12027.00
"мелованный картон (300 г/м2)";"Цветная печать с двух сторон";"148 x 210 (A5)";5000;Стандарт;офсет;15421.00
"мелованный картон (300 г/м2)";"Цветная печать с двух сторон";"148 x 210 (A5)";6000;Стандарт;офсет;17659.00
"мелованный картон (300 г/м2)";"Цветная печать с двух сторон";"148 x 210 (A5)";8000;Стандарт;офсет;22126.00
"мелованный картон (300 г/м2)";"Цветная печать с двух сторон";"148 x 210 (A5)";10000;Стандарт;офсет;24826.00
"мелованный картон (300 г/м2)";"Цветная печать с двух сторон";"105 x 148 (A6)";250;Стандарт;офсет;2641.00
"мелованный картон (300 г/м2)";"Цветная печать с двух сторон";"105 x 148 (A6)";500;Стандарт;офсет;2935.00
"мелованный картон (300 г/м2)";"Цветная печать с двух сторон";"105 x 148 (A6)";1000;Стандарт;офсет;3198.00
"мелованный картон (300 г/м2)";"Цветная печать с двух сторон";"105 x 148 (A6)";2000;Стандарт;офсет;4045.00
"мелованный картон (300 г/м2)";"Цветная печать с двух сторон";"105 x 148 (A6)";3000;Стандарт;офсет;5309.00
"мелованный картон (300 г/м2)";"Цветная печать с двух сторон";"105 x 148 (A6)";4000;Стандарт;офсет;6370.00
"мелованный картон (300 г/м2)";"Цветная печать с двух сторон";"105 x 148 (A6)";5000;Стандарт;офсет;8203.00
"мелованный картон (300 г/м2)";"Цветная печать с двух сторон";"105 x 148 (A6)";6000;Стандарт;офсет;9447.00
"мелованный картон (300 г/м2)";"Цветная печать с двух сторон";"105 x 148 (A6)";8000;Стандарт;офсет;12087.00
"мелованный картон (300 г/м2)";"Цветная печать с двух сторон";"105 x 148 (A6)";10000;Стандарт;офсет;13748.00
"мелованный картон (300 г/м2)";"Цветная печать с двух сторон";"210 x 200";250;Стандарт;офсет;6211.00
"мелованный картон (300 г/м2)";"Цветная печать с двух сторон";"210 x 200";500;Стандарт;офсет;6901.00
"мелованный картон (300 г/м2)";"Цветная печать с двух сторон";"210 x 200";1000;Стандарт;офсет;9055.00
"мелованный картон (300 г/м2)";"Цветная печать с двух сторон";"210 x 200";2000;Стандарт;офсет;13405.00
"мелованный картон (300 г/м2)";"Цветная печать с двух сторон";"210 x 200";3000;Стандарт;офсет;18501.00
"мелованный картон (300 г/м2)";"Цветная печать с двух сторон";"210 x 200";4000;Стандарт;офсет;21424.00
"мелованный картон (300 г/м2)";"Цветная печать с двух сторон";"210 x 200";5000;Стандарт;офсет;27645.00
"мелованный картон (300 г/м2)";"Цветная печать с двух сторон";"210 x 200";6000;Стандарт;офсет;30744.00
"мелованный картон (300 г/м2)";"Цветная печать с двух сторон";"210 x 200";8000;Стандарт;офсет;36940.00
"мелованный картон (300 г/м2)";"Цветная печать с двух сторон";"210 x 200";10000;Стандарт;офсет;40266.00
"мелованный картон (300 г/м2)";"Цветная печать с двух сторон";"210 x 98";250;Стандарт;офсет;3020.00
"мелованный картон (300 г/м2)";"Цветная печать с двух сторон";"210 x 98";500;Стандарт;офсет;3355.00
"мелованный картон (300 г/м2)";"Цветная печать с двух сторон";"210 x 98";1000;Стандарт;офсет;4527.00
"мелованный картон (300 г/м2)";"Цветная печать с двух сторон";"210 x 98";2000;Стандарт;офсет;6702.00
"мелованный картон (300 г/м2)";"Цветная печать с двух сторон";"210 x 98";3000;Стандарт;офсет;9252.00
"мелованный картон (300 г/м2)";"Цветная печать с двух сторон";"210 x 98";4000;Стандарт;офсет;10713.00
"мелованный картон (300 г/м2)";"Цветная печать с двух сторон";"210 x 98";5000;Стандарт;офсет;13823.00
"мелованный картон (300 г/м2)";"Цветная печать с двух сторон";"210 x 98";6000;Стандарт;офсет;15373.00
"мелованный картон (300 г/м2)";"Цветная печать с двух сторон";"210 x 98";8000;Стандарт;офсет;18471.00
"мелованный картон (300 г/м2)";"Цветная печать с двух сторон";"210 x 98";10000;Стандарт;офсет;20133.00
"мелованный картон (300 г/м2)";"Цветная печать с двух сторон";"100 x 70";250;Стандарт;офсет;987.00
"мелованный картон (300 г/м2)";"Цветная печать с двух сторон";"100 x 70";500;Стандарт;офсет;1096.00
"мелованный картон (300 г/м2)";"Цветная печать с двух сторон";"100 x 70";1000;Стандарт;офсет;1668.00
"мелованный картон (300 г/м2)";"Цветная печать с двух сторон";"100 x 70";2000;Стандарт;офсет;2412.00
"мелованный картон (300 г/м2)";"Цветная печать с двух сторон";"100 x 70";3000;Стандарт;офсет;3499.00
"мелованный картон (300 г/м2)";"Цветная печать с двух сторон";"100 x 70";4000;Стандарт;офсет;4303.00
"мелованный картон (300 г/м2)";"Цветная печать с двух сторон";"100 x 70";5000;Стандарт;офсет;5672.00
"мелованный картон (300 г/м2)";"Цветная печать с двух сторон";"100 x 70";6000;Стандарт;офсет;6603.00
"мелованный картон (300 г/м2)";"Цветная печать с двух сторон";"100 x 70";8000;Стандарт;офсет;8462.00
"мелованный картон (300 г/м2)";"Цветная печать с двух сторон";"100 x 70";10000;Стандарт;офсет;9638.00
"мелованный картон (300 г/м2)";"Цветная печать с двух сторон";;250;Стандарт;офсет;1004.00
"мелованный картон (300 г/м2)";"Цветная печать с двух сторон";;500;Стандарт;офсет;1115.00
"мелованный картон (300 г/м2)";"Цветная печать с двух сторон";;1000;Стандарт;офсет;1264.00
"мелованный картон (300 г/м2)";"Цветная печать с двух сторон";;2000;Стандарт;офсет;1855.00
"мелованный картон (300 г/м2)";"Цветная печать с двух сторон";;3000;Стандарт;офсет;2865.00
"мелованный картон (300 г/м2)";"Цветная печать с двух сторон";;4000;Стандарт;офсет;3432.00
"мелованный картон (300 г/м2)";"Цветная печать с двух сторон";;5000;Стандарт;офсет;4760.00
"мелованный картон (300 г/м2)";"Цветная печать с двух сторон";;6000;Стандарт;офсет;5489.00
"мелованный картон (300 г/м2)";"Цветная печать с двух сторон";;8000;Стандарт;офсет;6945.00
"мелованный картон (300 г/м2)";"Цветная печать с двух сторон";;10000;Стандарт;офсет;7762.00
"мелованный картон (300 г/м2)";"Цветная печать с одной стороны";"210 x 297 (A4)";250;Стандарт;офсет;8113.00
"мелованный картон (300 г/м2)";"Цветная печать с одной стороны";"210 x 297 (A4)";500;Стандарт;офсет;9015.00
"мелованный картон (300 г/м2)";"Цветная печать с одной стороны";"210 x 297 (A4)";1000;Стандарт;офсет;10299.00
"мелованный картон (300 г/м2)";"Цветная печать с одной стороны";"210 x 297 (A4)";2000;Стандарт;офсет;15971.00
"мелованный картон (300 г/м2)";"Цветная печать с одной стороны";"210 x 297 (A4)";3000;Стандарт;офсет;18998.00
"мелованный картон (300 г/м2)";"Цветная печать с одной стороны";"210 x 297 (A4)";4000;Стандарт;офсет;21991.00
"мелованный картон (300 г/м2)";"Цветная печать с одной стороны";"210 x 297 (A4)";5000;Стандарт;офсет;27378.00
"мелованный картон (300 г/м2)";"Цветная печать с одной стороны";"210 x 297 (A4)";6000;Стандарт;офсет;32002.00
"мелованный картон (300 г/м2)";"Цветная печать с одной стороны";"210 x 297 (A4)";8000;Стандарт;офсет;41251.00
"мелованный картон (300 г/м2)";"Цветная печать с одной стороны";"210 x 297 (A4)";10000;Стандарт;офсет;47140.00
"мелованный картон (300 г/м2)";"Цветная печать с одной стороны";"148 x 210 (A5)";250;Стандарт;офсет;4036.00
"мелованный картон (300 г/м2)";"Цветная печать с одной стороны";"148 x 210 (A5)";500;Стандарт;офсет;4484.00
"мелованный картон (300 г/м2)";"Цветная печать с одной стороны";"148 x 210 (A5)";1000;Стандарт;офсет;5249.00
"мелованный картон (300 г/м2)";"Цветная печать с одной стороны";"148 x 210 (A5)";2000;Стандарт;офсет;8142.00
"мелованный картон (300 г/м2)";"Цветная печать с одной стороны";"148 x 210 (A5)";3000;Стандарт;офсет;9592.00
"мелованный картон (300 г/м2)";"Цветная печать с одной стороны";"148 x 210 (A5)";4000;Стандарт;офсет;11103.00
"мелованный картон (300 г/м2)";"Цветная печать с одной стороны";"148 x 210 (A5)";5000;Стандарт;офсет;13823.00
"мелованный картон (300 г/м2)";"Цветная печать с одной стороны";"148 x 210 (A5)";6000;Стандарт;офсет;16159.00
"мелованный картон (300 г/м2)";"Цветная печать с одной стороны";"148 x 210 (A5)";8000;Стандарт;офсет;20826.00
"мелованный картон (300 г/м2)";"Цветная печать с одной стороны";"148 x 210 (A5)";10000;Стандарт;офсет;23799.00
"мелованный картон (300 г/м2)";"Цветная печать с одной стороны";"105 x 148 (A6)";250;Стандарт;офсет;2194.00
"мелованный картон (300 г/м2)";"Цветная печать с одной стороны";"105 x 148 (A6)";500;Стандарт;офсет;2438.00
"мелованный картон (300 г/м2)";"Цветная печать с одной стороны";"105 x 148 (A6)";1000;Стандарт;офсет;2800.00
"мелованный картон (300 г/м2)";"Цветная печать с одной стороны";"105 x 148 (A6)";2000;Стандарт;офсет;3793.00
"мелованный картон (300 г/м2)";"Цветная печать с одной стороны";"105 x 148 (A6)";3000;Стандарт;офсет;5159.00
"мелованный картон (300 г/м2)";"Цветная печать с одной стороны";"105 x 148 (A6)";4000;Стандарт;офсет;6168.00
"мелованный картон (300 г/м2)";"Цветная печать с одной стороны";"105 x 148 (A6)";5000;Стандарт;офсет;8091.00
"мелованный картон (300 г/м2)";"Цветная печать с одной стороны";"105 x 148 (A6)";6000;Стандарт;офсет;9231.00
"мелованный картон (300 г/м2)";"Цветная печать с одной стороны";"105 x 148 (A6)";8000;Стандарт;офсет;11659.00
"мелованный картон (300 г/м2)";"Цветная печать с одной стороны";"105 x 148 (A6)";10000;Стандарт;офсет;13152.00
"мелованный картон (300 г/м2)";"Цветная печать с одной стороны";"210 x 200";250;Стандарт;офсет;5833.00
"мелованный картон (300 г/м2)";"Цветная печать с одной стороны";"210 x 200";500;Стандарт;офсет;6481.00
"мелованный картон (300 г/м2)";"Цветная печать с одной стороны";"210 x 200";1000;Стандарт;офсет;8378.00
"мелованный картон (300 г/м2)";"Цветная печать с одной стороны";"210 x 200";2000;Стандарт;офсет;12133.00
"мелованный картон (300 г/м2)";"Цветная печать с одной стороны";"210 x 200";3000;Стандарт;офсет;18017.00
"мелованный картон (300 г/м2)";"Цветная печать с одной стороны";"210 x 200";4000;Стандарт;офсет;20451.00
"мелованный картон (300 г/м2)";"Цветная печать с одной стороны";"210 x 200";5000;Стандарт;офсет;26576.00
"мелованный картон (300 г/м2)";"Цветная печать с одной стороны";"210 x 200";6000;Стандарт;офсет;28776.00
"мелованный картон (300 г/м2)";"Цветная печать с одной стороны";"210 x 200";8000;Стандарт;офсет;33172.00
"мелованный картон (300 г/м2)";"Цветная печать с одной стороны";"210 x 200";10000;Стандарт;офсет;35072.00
"мелованный картон (300 г/м2)";"Цветная печать с одной стороны";"210 x 98";250;Стандарт;офсет;2849.00
"мелованный картон (300 г/м2)";"Цветная печать с одной стороны";"210 x 98";500;Стандарт;офсет;3165.00
"мелованный картон (300 г/м2)";"Цветная печать с одной стороны";"210 x 98";1000;Стандарт;офсет;4190.00
"мелованный картон (300 г/м2)";"Цветная печать с одной стороны";"210 x 98";2000;Стандарт;офсет;6068.00
"мелованный картон (300 г/м2)";"Цветная печать с одной стороны";"210 x 98";3000;Стандарт;офсет;9009.00
"мелованный картон (300 г/м2)";"Цветная печать с одной стороны";"210 x 98";4000;Стандарт;офсет;10225.00
"мелованный картон (300 г/м2)";"Цветная печать с одной стороны";"210 x 98";5000;Стандарт;офсет;13286.00
"мелованный картон (300 г/м2)";"Цветная печать с одной стороны";"210 x 98";6000;Стандарт;офсет;14386.00
"мелованный картон (300 г/м2)";"Цветная печать с одной стороны";"210 x 98";8000;Стандарт;офсет;16587.00
"мелованный картон (300 г/м2)";"Цветная печать с одной стороны";"210 x 98";10000;Стандарт;офсет;17536.00
"мелованный картон (300 г/м2)";"Цветная печать с одной стороны";"100 x 70";250;Стандарт;офсет;846.00
"мелованный картон (300 г/м2)";"Цветная печать с одной стороны";"100 x 70";500;Стандарт;офсет;940.00
"мелованный картон (300 г/м2)";"Цветная печать с одной стороны";"100 x 70";1000;Стандарт;офсет;1387.00
"мелованный картон (300 г/м2)";"Цветная печать с одной стороны";"100 x 70";2000;Стандарт;офсет;2083.00
"мелованный картон (300 г/м2)";"Цветная печать с одной стороны";"100 x 70";3000;Стандарт;офсет;3129.00
"мелованный картон (300 г/м2)";"Цветная печать с одной стороны";"100 x 70";4000;Стандарт;офсет;3903.00
"мелованный картон (300 г/м2)";"Цветная печать с одной стороны";"100 x 70";5000;Стандарт;офсет;4980.00
"мелованный картон (300 г/м2)";"Цветная печать с одной стороны";"100 x 70";6000;Стандарт;офсет;5843.00
"мелованный картон (300 г/м2)";"Цветная печать с одной стороны";"100 x 70";8000;Стандарт;офсет;7578.00
"мелованный картон (300 г/м2)";"Цветная печать с одной стороны";"100 x 70";10000;Стандарт;офсет;8695.00
"мелованный картон (300 г/м2)";"Цветная печать с одной стороны";;250;Стандарт;офсет;744.00
"мелованный картон (300 г/м2)";"Цветная печать с одной стороны";;500;Стандарт;офсет;827.00
"мелованный картон (300 г/м2)";"Цветная печать с одной стороны";;1000;Стандарт;офсет;1058.00
"мелованный картон (300 г/м2)";"Цветная печать с одной стороны";;2000;Стандарт;офсет;1591.00
"мелованный картон (300 г/м2)";"Цветная печать с одной стороны";;3000;Стандарт;офсет;2386.00
"мелованный картон (300 г/м2)";"Цветная печать с одной стороны";;4000;Стандарт;офсет;2917.00
"мелованный картон (300 г/м2)";"Цветная печать с одной стороны";;5000;Стандарт;офсет;3993.00
"мелованный картон (300 г/м2)";"Цветная печать с одной стороны";;6000;Стандарт;офсет;4539.00
"мелованный картон (300 г/м2)";"Цветная печать с одной стороны";;8000;Стандарт;офсет;5631.00
"мелованный картон (300 г/м2)";"Цветная печать с одной стороны";;10000;Стандарт;офсет;6206.00
